{
  "dataset": "Wine",
  "model_name": "LogisticRegression + StandardScaler",
  "random_state": 42,
  "n_samples_total": 178,
  "n_features": 13,
  "feature_names": [
    "alcohol",
    "malic_acid",
    "ash",
    "alcalinity_of_ash",
    "magnesium",
    "total_phenols",
    "flavanoids",
    "nonflavanoid_phenols",
    "proanthocyanins",
    "color_intensity",
    "hue",
    "od280/od315_of_diluted_wines",
    "proline"
  ],
  "class_names": [
    "class_0",
    "class_1",
    "class_2"
  ],
  "train_size": 142,
  "test_size": 36,
  "cross_validation": {
    "strategy": "RepeatedStratifiedKFold",
    "n_splits": 5,
    "n_repeats": 5,
    "scoring": "accuracy",
    "scores": [
      0.9310344827586207,
      1.0,
      1.0,
      1.0,
      0.9642857142857143,
      1.0,
      1.0,
      0.9642857142857143,
      1.0,
      0.9642857142857143,
      0.9655172413793104,
      0.9655172413793104,
      1.0,
      0.9642857142857143,
      1.0,
      1.0,
      0.9310344827586207,
      1.0,
      0.9642857142857143,
      1.0,
      1.0,
      1.0,
      0.9642857142857143,
      0.9642857142857143,
      1.0
    ],
    "mean_accuracy": 0.9817241379310346,
    "std_accuracy": 0.022332934863472452
  },
  "oof_evaluation": {
    "strategy": "StratifiedKFold",
    "n_splits": 5,
    "classification_report": {
      "class_0": {
        "precision": 0.9591836734693877,
        "recall": 1.0,
        "f1-score": 0.9791666666666666,
        "support": 47.0
      },
      "class_1": {
        "precision": 1.0,
        "recall": 0.9473684210526315,
        "f1-score": 0.972972972972973,
        "support": 57.0
      },
      "class_2": {
        "precision": 0.9743589743589743,
        "recall": 1.0,
        "f1-score": 0.987012987012987,
        "support": 38.0
      },
      "accuracy": 0.9788732394366197,
      "macro avg": {
        "precision": 0.9778475492761207,
        "recall": 0.9824561403508771,
        "f1-score": 0.9797175422175423,
        "support": 142.0
      },
      "weighted avg": {
        "precision": 0.9796286878781849,
        "recall": 0.9788732394366197,
        "f1-score": 0.9787801852062417,
        "support": 142.0
      }
    },
    "confusion_matrix": [
      [
        47,
        0,
        0
      ],
      [
        2,
        54,
        1
      ],
      [
        0,
        0,
        38
      ]
    ]
  },
  "test_evaluation": {
    "accuracy": 0.9722222222222222,
    "classification_report": {
      "class_0": {
        "precision": 1.0,
        "recall": 1.0,
        "f1-score": 1.0,
        "support": 12.0
      },
      "class_1": {
        "precision": 0.9333333333333333,
        "recall": 1.0,
        "f1-score": 0.9655172413793104,
        "support": 14.0
      },
      "class_2": {
        "precision": 1.0,
        "recall": 0.9,
        "f1-score": 0.9473684210526315,
        "support": 10.0
      },
      "accuracy": 0.9722222222222222,
      "macro avg": {
        "precision": 0.9777777777777779,
        "recall": 0.9666666666666667,
        "f1-score": 0.9709618874773139,
        "support": 36.0
      },
      "weighted avg": {
        "precision": 0.974074074074074,
        "recall": 0.9722222222222222,
        "f1-score": 0.9719701552732407,
        "support": 36.0
      }
    },
    "confusion_matrix": [
      [
        12,
        0,
        0
      ],
      [
        0,
        14,
        0
      ],
      [
        0,
        1,
        9
      ]
    ]
  }
}